<?xml version="1.0" encoding="UTF-8"?>
<project xmlns="http://maven.apache.org/POM/4.0.0" xmlns:xsi="http://www.w3.org/2001/XMLSchema-instance" xsi:schemaLocation="http://maven.apache.org/POM/4.0.0 http://maven.apache.org/maven-v4_0_0.xsd">
  <modelVersion>4.0.0</modelVersion>
  <groupId>me.cosmodev</groupId>
  <artifactId>Excalibut</artifactId>
  <name>Excalibut</name>
  <version>1.0</version>
  <build>
    <resources>
      <resource>
        <filtering>true</filtering>
        <directory>src/main/resources</directory>
      </resource>
    </resources>
    <plugins>
      <plugin>
        <artifactId>maven-shade-plugin</artifactId>
        <version>3.2.4</version>
        <executions>
          <execution>
            <phase>package</phase>
            <goals>
              <goal>shade</goal>
            </goals>
          </execution>
        </executions>
      </plugin>
      <plugin>
        <groupId>org.jetbrains.kotlin</groupId>
        <artifactId>kotlin-maven-plugin</artifactId>
        <version>${kotlin.version}</version>
        <executions>
          <execution>
            <id>compile</id>
            <phase>compile</phase>
            <goals>
              <goal>compile</goal>
            </goals>
          </execution>
          <execution>
            <id>test-compile</id>
            <phase>test-compile</phase>
            <goals>
              <goal>test-compile</goal>
            </goals>
          </execution>
        </executions>
        <configuration>
          <jvmTarget>1.8</jvmTarget>
        </configuration>
      </plugin>
      <plugin>
        <artifactId>maven-compiler-plugin</artifactId>
        <version>3.8.1</version>
        <executions>
          <execution>
            <id>default-compile</id>
            <phase>none</phase>
          </execution>
          <execution>
            <id>default-testCompile</id>
            <phase>none</phase>
          </execution>
          <execution>
            <id>compile</id>
            <phase>compile</phase>
            <goals>
              <goal>compile</goal>
            </goals>
          </execution>
          <execution>
            <id>testCompile</id>
            <phase>test-compile</phase>
            <goals>
              <goal>testCompile</goal>
            </goals>
          </execution>
        </executions>
        <configuration>
          <source>${java.version}</source>
          <target>${java.version}</target>
        </configuration>
      </plugin>
    </plugins>
  </build>
  <repositories>
    <repository>
      <id>papermc-repo</id>
      <url>https://repo.papermc.io/repository/maven-public/</url>
    </repository>
    <repository>
      <id>sonatype</id>
      <url>https://oss.sonatype.org/content/groups/public/</url>
    </repository>
  </repositories>
  <dependencies>
    <dependency>
      <groupId>com.destroystokyo.paper</groupId>
      <artifactId>paper-api</artifactId>
      <version>1.12.2-R0.1-SNAPSHOT</version>
      <scope>provided</scope>
    </dependency>
    <dependency>
      <groupId>org.jetbrains.kotlin</groupId>
      <artifactId>kotlin-test</artifactId>
      <version>1.9.23</version>
      <scope>test</scope>
    </dependency>
  </dependencies>
  <properties>
    <java.version>1.8</java.version>
    <project.build.sourceEncoding>UTF-8</project.build.sourceEncoding>
    <kotlin.version>1.9.23</kotlin.version>
  </properties>
</project>
